model,scene,angle,num_frames,psnr_db,ssim,lpips,std_diff,first_frame_ms,time_ms_per_frame,runtime_std_ms,p95_ms,fps,latency_mode
C1 Renderer MV,SpaceShipDemo,0000,10,26.8789701461792,0.7871774017810822,0.2732458710670471,0.005304352939128875,,,,,,streaming_steady_state
C1 Renderer MV,SpaceShipDemo,0001,10,32.29799575805664,0.852104789018631,0.24039082378149032,0.002309773862361908,,,,,,streaming_steady_state
C1 Renderer MV,Flooded_Grounds,0000,10,19.600404357910158,0.6255250751972199,0.46330819725990297,0.0049619019031524655,,,,,,streaming_steady_state
C1 Renderer MV,Flooded_Grounds,0001,10,18.328612899780275,0.642564982175827,0.43340492248535156,0.007135230302810669,,,,,,streaming_steady_state
C1 Renderer MV,Flooded_Grounds,0002,10,21.14365882873535,0.6656037867069244,0.42763979732990265,0.00523577481508255,,,,,,streaming_steady_state
C1 Renderer MV,Flooded_Grounds,0003,10,18.8192476272583,0.5978770434856415,0.47079628705978394,0.007668237388134003,,,,,,streaming_steady_state
C1 Renderer MV,Flooded_Grounds,0004,10,22.174025535583496,0.7528599381446839,0.3639541983604431,0.0060157209634780886,,,,,,streaming_steady_state
C1 Renderer MV,Flooded_Grounds,0005,10,22.040163612365724,0.6832392394542695,0.40356865227222444,0.00873078554868698,,,,,,streaming_steady_state
C1 Renderer MV,Flooded_Grounds,0006,10,21.123444175720216,0.7028291523456573,0.35730093717575073,0.010526813566684723,,,,,,streaming_steady_state
C1 Renderer MV,Flooded_Grounds,0007,10,29.106658744812012,0.7939322054386139,0.31633197963237764,0.001134442538022995,,,,,,streaming_steady_state
C1 Renderer MV,Flooded_Grounds,0008,10,28.458876609802246,0.8623233079910279,0.3092226415872574,0.002205052971839905,,,,,,streaming_steady_state
C1 Renderer MV,Flooded_Grounds,0009,10,19.6103235244751,0.6370892703533173,0.4547824651002884,0.00670773983001709,,,,,,streaming_steady_state
C1 Renderer MV,Flooded_Grounds,0010,10,20.611429023742676,0.6536244690418244,0.39596993625164034,0.0035454422235488892,,,,,,streaming_steady_state
C1 Renderer MV,Flooded_Grounds,0011,10,26.289529228210448,0.7359010636806488,0.3990382134914398,0.0032641902565956117,,,,,,streaming_steady_state
C1 Renderer MV,Flooded_Grounds,0012,10,23.33935718536377,0.6876042068004609,0.3944762617349625,0.005152211338281631,,,,,,streaming_steady_state
C1 Renderer MV,Flooded_Grounds,0013,10,21.113858222961426,0.6767930626869202,0.3987907230854034,0.0023995757102966307,,,,,,streaming_steady_state
C1 Renderer MV,Flooded_Grounds,0014,10,23.352539443969725,0.6413180768489838,0.4042618989944458,0.005939503014087677,,,,,,streaming_steady_state
C1 Renderer MV,Flooded_Grounds,0015,10,21.96781482696533,0.7189764559268952,0.42488871812820433,0.002177722752094269,,,,,,streaming_steady_state
C1 Renderer MV,Flooded_Grounds,0016,10,21.1765474319458,0.7248934209346771,0.3867371141910553,0.004042474925518036,,,,,,streaming_steady_state
C1 Renderer MV,Flooded_Grounds,0017,10,18.935087776184083,0.600354528427124,0.44470528662204745,0.0051823616027832035,,,,,,streaming_steady_state
C1 Renderer MV,Flooded_Grounds,0018,10,21.320234298706055,0.7203532338142395,0.41340684294700625,0.0018647536635398865,,,,,,streaming_steady_state
C1 Renderer MV,Flooded_Grounds,0019,10,22.559765434265138,0.7001653254032135,0.48729534447193146,0.0038377523422241213,,,,,,streaming_steady_state
C1 Renderer MV,Flooded_Grounds,0020,10,22.427278900146483,0.72033411860466,0.4401571452617645,0.0038422778248786925,,,,,,streaming_steady_state
C1 Renderer MV,Scifi_Base_Start_Stop,0000,10,23.88752269744873,0.7419229686260224,0.2955940216779709,0.002758321166038513,,,,,,streaming_steady_state
C1 Renderer MV,Scifi_Base_Start_Stop,0001,10,22.46317901611328,0.6947725713253021,0.34599643647670747,0.0030742287635803223,,,,,,streaming_steady_state
C1 Renderer MV,Scifi_Base_Start_Stop,0002,10,22.600217247009276,0.6718646109104156,0.3686674803495407,0.003210112452507019,,,,,,streaming_steady_state
C1 Renderer MV,Scifi_Base_Start_Stop,0003,10,23.196210289001463,0.6765090227127075,0.3762230098247528,0.005127160251140595,,,,,,streaming_steady_state
C1 Renderer MV,Scifi_Base_Start_Stop,0004,10,23.268117141723632,0.7261845588684082,0.3182579457759857,0.006143543124198914,,,,,,streaming_steady_state
C1 Renderer MV,Scifi_Base_Start_Stop,0005,10,22.201908111572266,0.6873188495635987,0.34718841016292573,0.004462221264839172,,,,,,streaming_steady_state
C1 Renderer MV,Scifi_Base_Start_Stop,0006,10,22.609095191955568,0.680646687746048,0.3659532189369202,0.005295300483703613,,,,,,streaming_steady_state
C1 Renderer MV,Scifi_Base_Start_Stop,0007,10,22.476963806152344,0.7264054179191589,0.3275315880775452,0.006801100075244903,,,,,,streaming_steady_state
C1 Renderer MV,Scifi_Base_Start_Stop,0008,10,25.07393856048584,0.7871156513690949,0.2852893114089966,0.004567544162273407,,,,,,streaming_steady_state
C1 Renderer MV,Scifi_Base_Start_Stop,0009,10,22.83900890350342,0.7604316174983978,0.30491419434547423,0.0032725811004638674,,,,,,streaming_steady_state
C1 Renderer MV,Scifi_Base_Start_Stop,0010,10,22.598780250549318,0.7375666260719299,0.32772618532180786,0.0025864213705062864,,,,,,streaming_steady_state
C1 Renderer MV,Scifi_Base_Start_Stop,0011,10,22.082482719421385,0.6934178292751312,0.3424972116947174,0.0032627612352371218,,,,,,streaming_steady_state
C1 Renderer MV,Scifi_Base_Start_Stop,0012,10,22.369735336303712,0.6769607186317443,0.33927092850208285,0.003056773543357849,,,,,,streaming_steady_state
C1 Renderer MV,Scifi_Base_Start_Stop,0013,10,22.687548065185545,0.6783737123012543,0.35714921057224275,0.004179179668426514,,,,,,streaming_steady_state
C1 Renderer MV,Scifi_Base_Start_Stop,0014,10,24.636153793334962,0.779665333032608,0.32175134420394896,0.005020007491111755,,,,,,streaming_steady_state
C1 Renderer MV,Scifi_Base_Start_Stop,0015,10,22.5112154006958,0.7297386586666107,0.3476218402385712,0.0032565116882324217,,,,,,streaming_steady_state
C1 Renderer MV,Scifi_Base_Start_Stop,0016,10,21.968964195251466,0.6873221397399902,0.3490589767694473,0.0036044925451278686,,,,,,streaming_steady_state
C1 Renderer MV,Scifi_Base_Start_Stop,0017,10,22.380916023254393,0.6853399217128754,0.3450791746377945,0.003954452276229858,,,,,,streaming_steady_state
C1 Renderer MV,Scifi_Base_Start_Stop,0018,10,23.157998847961426,0.6837055921554566,0.3565031498670578,0.003491288423538208,,,,,,streaming_steady_state
C1 Renderer MV,Scifi_Base_Start_Stop,0019,10,23.916316795349122,0.6884654819965362,0.37337779998779297,0.007643619179725647,,,,,,streaming_steady_state
C1 Renderer MV,Scifi_Base_Start_Stop,0020,10,23.44058952331543,0.7160673081874848,0.31926954686641695,0.004259246587753296,,,,,,streaming_steady_state
C2 Renderer MV + Depth confidence,SpaceShipDemo,0000,10,26.856206321716307,0.7870948553085327,0.27656579315662383,0.005285127460956574,,,,,,streaming_steady_state
C2 Renderer MV + Depth confidence,SpaceShipDemo,0001,10,32.30978260040283,0.8523671746253967,0.24282781034708023,0.0024231307208538054,,,,,,streaming_steady_state
C2 Renderer MV + Depth confidence,Flooded_Grounds,0000,10,19.905607604980467,0.6214194595813751,0.4727444052696228,0.006890836358070374,,,,,,streaming_steady_state
C2 Renderer MV + Depth confidence,Flooded_Grounds,0001,10,18.498953437805177,0.6417254984378815,0.4378757059574127,0.008587472140789032,,,,,,streaming_steady_state
C2 Renderer MV + Depth confidence,Flooded_Grounds,0002,10,21.198533821105958,0.6576755702495575,0.4418254792690277,0.007499463856220245,,,,,,streaming_steady_state
C2 Renderer MV + Depth confidence,Flooded_Grounds,0003,10,18.988029861450194,0.594922024011612,0.47770307660102845,0.009382677078247071,,,,,,streaming_steady_state
C2 Renderer MV + Depth confidence,Flooded_Grounds,0004,10,22.443470573425294,0.753188967704773,0.365320211648941,0.007589353621006012,,,,,,streaming_steady_state
C2 Renderer MV + Depth confidence,Flooded_Grounds,0005,10,22.3442440032959,0.6821205675601959,0.40739135444164276,0.01077241450548172,,,,,,streaming_steady_state
C2 Renderer MV + Depth confidence,Flooded_Grounds,0006,10,21.26063232421875,0.7006360530853272,0.3636386960744858,0.01326092928647995,,,,,,streaming_steady_state
C2 Renderer MV + Depth confidence,Flooded_Grounds,0007,10,29.085878372192383,0.7926588773727417,0.32080807387828825,0.0014371231198310852,,,,,,streaming_steady_state
C2 Renderer MV + Depth confidence,Flooded_Grounds,0008,10,28.568463134765626,0.8624286115169525,0.3077753961086273,0.002863597124814987,,,,,,streaming_steady_state
C2 Renderer MV + Depth confidence,Flooded_Grounds,0009,10,19.805271530151366,0.6361422717571259,0.4600372761487961,0.007484789192676544,,,,,,streaming_steady_state
C2 Renderer MV + Depth confidence,Flooded_Grounds,0010,10,20.72611598968506,0.6504450023174286,0.4038047790527344,0.00456523597240448,,,,,,streaming_steady_state
C2 Renderer MV + Depth confidence,Flooded_Grounds,0011,10,26.383679008483888,0.7351747989654541,0.40454050302505495,0.003963284194469452,,,,,,streaming_steady_state
C2 Renderer MV + Depth confidence,Flooded_Grounds,0012,10,23.598530960083007,0.6852999806404114,0.40118475556373595,0.0069979153573513034,,,,,,streaming_steady_state
C2 Renderer MV + Depth confidence,Flooded_Grounds,0013,10,21.292991828918456,0.6732130825519562,0.4059667825698853,0.003706122934818268,,,,,,streaming_steady_state
C2 Renderer MV + Depth confidence,Flooded_Grounds,0014,10,23.47594871520996,0.6352352917194366,0.4166445404291153,0.006864000856876373,,,,,,streaming_steady_state
C2 Renderer MV + Depth confidence,Flooded_Grounds,0015,10,22.24244804382324,0.7173900961875915,0.43132040500640867,0.0035204410552978514,,,,,,streaming_steady_state
C2 Renderer MV + Depth confidence,Flooded_Grounds,0016,10,21.029415702819826,0.7168807864189148,0.4002466142177582,0.004700502753257752,,,,,,streaming_steady_state
C2 Renderer MV + Depth confidence,Flooded_Grounds,0017,10,19.209806823730467,0.5947145938873291,0.4570519506931305,0.0069712638854980465,,,,,,streaming_steady_state
C2 Renderer MV + Depth confidence,Flooded_Grounds,0018,10,21.463537216186523,0.7170434772968293,0.42200546264648436,0.003072980046272278,,,,,,streaming_steady_state
C2 Renderer MV + Depth confidence,Flooded_Grounds,0019,10,22.73838005065918,0.6993289709091186,0.4920968383550644,0.004963891208171844,,,,,,streaming_steady_state
C2 Renderer MV + Depth confidence,Flooded_Grounds,0020,10,22.724506187438966,0.7189249038696289,0.44611652195453644,0.004732175171375275,,,,,,streaming_steady_state
C2 Renderer MV + Depth confidence,Scifi_Base_Start_Stop,0000,10,23.7505521774292,0.7373619854450226,0.3036157965660095,0.0029975444078445433,,,,,,streaming_steady_state
C2 Renderer MV + Depth confidence,Scifi_Base_Start_Stop,0001,10,22.32092113494873,0.6923917829990387,0.3510024517774582,0.0029748111963272096,,,,,,streaming_steady_state
C2 Renderer MV + Depth confidence,Scifi_Base_Start_Stop,0002,10,22.59874725341797,0.6712575137615204,0.37113346755504606,0.00320298969745636,,,,,,streaming_steady_state
C2 Renderer MV + Depth confidence,Scifi_Base_Start_Stop,0003,10,23.184634971618653,0.6752233743667603,0.37831111550331115,0.005498437583446503,,,,,,streaming_steady_state
C2 Renderer MV + Depth confidence,Scifi_Base_Start_Stop,0004,10,23.258595275878907,0.7277192115783692,0.3188634097576141,0.006252898275852204,,,,,,streaming_steady_state
C2 Renderer MV + Depth confidence,Scifi_Base_Start_Stop,0005,10,22.157963371276857,0.6855819523334503,0.35283141732215884,0.00490199625492096,,,,,,streaming_steady_state
C2 Renderer MV + Depth confidence,Scifi_Base_Start_Stop,0006,10,22.513863372802735,0.6783358454704285,0.3704379141330719,0.005656179785728454,,,,,,streaming_steady_state
C2 Renderer MV + Depth confidence,Scifi_Base_Start_Stop,0007,10,22.419134521484374,0.7253970026969909,0.33043305277824403,0.007001501321792602,,,,,,streaming_steady_state
C2 Renderer MV + Depth confidence,Scifi_Base_Start_Stop,0008,10,24.965771293640138,0.7844920814037323,0.29007014632225037,0.004654556512832642,,,,,,streaming_steady_state
C2 Renderer MV + Depth confidence,Scifi_Base_Start_Stop,0009,10,22.72541446685791,0.7578087270259857,0.3083015292882919,0.0034408509731292725,,,,,,streaming_steady_state
C2 Renderer MV + Depth confidence,Scifi_Base_Start_Stop,0010,10,22.518726921081544,0.7368097066879272,0.3312110960483551,0.002739828824996948,,,,,,streaming_steady_state
C2 Renderer MV + Depth confidence,Scifi_Base_Start_Stop,0011,10,21.873736572265624,0.6891478359699249,0.35075099766254425,0.003472626209259033,,,,,,streaming_steady_state
C2 Renderer MV + Depth confidence,Scifi_Base_Start_Stop,0012,10,22.234279060363768,0.6730629801750183,0.34748610854148865,0.0033185511827468874,,,,,,streaming_steady_state
C2 Renderer MV + Depth confidence,Scifi_Base_Start_Stop,0013,10,22.634328651428223,0.678222370147705,0.3593065530061722,0.00439726710319519,,,,,,streaming_steady_state
C2 Renderer MV + Depth confidence,Scifi_Base_Start_Stop,0014,10,24.46510829925537,0.7785853087902069,0.3238330692052841,0.004524558782577515,,,,,,streaming_steady_state
C2 Renderer MV + Depth confidence,Scifi_Base_Start_Stop,0015,10,22.498760986328126,0.7293064594268799,0.34946423172950747,0.0032562106847763062,,,,,,streaming_steady_state
C2 Renderer MV + Depth confidence,Scifi_Base_Start_Stop,0016,10,21.940855026245117,0.6870260536670685,0.3501270294189453,0.0036845654249191284,,,,,,streaming_steady_state
C2 Renderer MV + Depth confidence,Scifi_Base_Start_Stop,0017,10,22.224223327636718,0.6801997721195221,0.3542938858270645,0.00419246256351471,,,,,,streaming_steady_state
C2 Renderer MV + Depth confidence,Scifi_Base_Start_Stop,0018,10,23.015443801879883,0.6805390298366547,0.36237111389636995,0.0037989884614944456,,,,,,streaming_steady_state
C2 Renderer MV + Depth confidence,Scifi_Base_Start_Stop,0019,10,23.86715431213379,0.6879974007606506,0.3762368381023407,0.008045582473278046,,,,,,streaming_steady_state
C2 Renderer MV + Depth confidence,Scifi_Base_Start_Stop,0020,10,23.36004753112793,0.7151129901409149,0.32305268943309784,0.004461461305618286,,,,,,streaming_steady_state
